Q6GZV8	017L_FRG3G	15165820	Complete proteome; Reference proteome		predicted	8295; 8316; 8404; 30343; 45438	METMSDYSKEVSEALSALRGELSALSAAISNTVRAGSYSAPVAKDCKAGHCDSKAVLKSLSRSARDLDSAVEAVSSNCEWASSGYGKQIARALRDDAVRVKREVESTRDAVDVVTPSCCVQGLAEEAGKLSEMAAVYRCMATVFETADSHGVREMLAKVDGLKQTMSGFKRLLGKTAEIDGLSDSVIRLGRSIGEVLPATEGKAMRDLVKQCERLNGLVVDGSRKVEEQCSKLRDMASQSYVVADLASQYDVLGGKAQEALSASDALEQAAAVALRAKAAADAVAKSLDSLDVKKLDRLLEQASAVSGLLAKKNDLDAVVTSLAGLEALVAKKDELYKICAAVNSVDKSKLELLNVKPDRLKSLTEQTVVVSQMTTALATFNEDKLDSVLGKYMQMHRFLGMATQLKLMSDSLAEFQPAKMAQMAAAASQLKDFLTDQTVSRLEKVSAAVDATDVTKYASAFSDGGMVSDMTKAYETVKAFAAVVNSLDSKKLKLVAECAKK	502	53469	A747EE6F952CBAD7	2004-07-19+01:00	654924	Viruses > dsDNA viruses, no RNA stage > Iridoviridae > Ranavirus	Uncharacterized protein 017L	FV3-017L	AY548484; AAT09676.1; Genomic_DNA	YP_031595.1; NC_005946.1	2947737	CLSP2512393	type: chain; id: PRO_0000410557; description: Uncharacterized protein 017L; ; ; 1 - 502	type: compositionally biased region; description: Poly-Ala; ; ; 425 - 428																																																																																																																																																																																																									
Q6GZT6	040R_FRG3G	15165820	Complete proteome; Reference proteome; Signal		predicted	8295; 8316; 8404; 30343; 45438	MIRALCTIVLIAAGVAVALYLSLVYGYYMSVGVQDASWLTALTGNRPDAKVPFFDKAVGEAPEDKVAYTERPYPVSSTQSPTTTQSPTTTTLKPTTMAVLASIGATPTPVVCHNVRGDMQGIACNVVMKKTVAAALKVQPEAKKDNVNAQYRYGMWTPLRRSRSPFGVWNIPKKLAIAAPDV	182	19577	FCF64F420039CF35	2004-07-19+01:00	654924	Viruses > dsDNA viruses, no RNA stage > Iridoviridae > Ranavirus	Uncharacterized protein 040R	FV3-040R	AY548484; AAT09699.1; Genomic_DNA	YP_031618.1; NC_005946.1	2947819	CLSP2512385	type: chain; id: PRO_0000410544; description: Uncharacterized protein 040R; ; ; 27 - 182	type: compositionally biased region; description: Poly-Thr; ; ; 88 - 91	type: signal peptide; status: potential; ; ; 1 - 26																																																																																																																																																																																																								
Q197A3	057L_IIV3	16912294	Complete proteome; Reference proteome		predicted	7163; 7183; 42431; 310513; 329105; 332058	MFKIYRTSCMGQHQSQFLHSGTVVQTVDGVTTTSFFQPCLVFPFSIEIISISLVSLNTTNETKLIKMSIMENSELVDYNESAYTLAHLPGKQMTYLKYPAPFTIRQHQPFFFVHHGDLGDASLTLEYRIK	130	14846	0A95A328C7ABA865	2006-07-11+01:00	345201	Viruses > dsDNA viruses, no RNA stage > Iridoviridae > Chloriridovirus	Uncharacterized protein 057L	IIV3-057L	DQ643392; ABF82087.1; Genomic_DNA	YP_654629.1; NC_008187.1	4156307		type: chain; id: PRO_0000377955; description: Uncharacterized protein 057L; ; ; 1 - 130																																																																																																																																																																																																										
Q6GZP7	078L_FRG3G	15165820	Complete proteome; Reference proteome		predicted	8295; 8316; 8404; 30343; 45438	MSIGETFAISAHPEGGALFGTISPGMWNQDFIPWIRKTAVDGHLLIVSGSESELGAWRELGARGLSYDEFTFLCPGDRMVWLSEPTEEWLARKRAPMWRCQAVWIQTEKCRLGKNADATLGRAAPHTDAEHLMGMMEGIRELNVHEPQTMVIVSKIGHKNYFSAAGLVTVSFADLAIRPARWVKDRVFAVVRRDDWESDRFRGLCYKWGIEM	212	23985	920D63B5324F6A2F	2004-07-19+01:00	654924	Viruses > dsDNA viruses, no RNA stage > Iridoviridae > Ranavirus	Uncharacterized protein 078L	FV3-078L	AY548484; AAT09738.1; Genomic_DNA	YP_031657.1; NC_005946.1	2947797	CLSP2512496	type: chain; id: PRO_0000410552; description: Uncharacterized protein 078L; ; ; 1 - 212																																																																																																																																																																																																										
P0C9E9	1001R_ASFWA		Complete proteome		inferred from homology	6937; 9823; 41426; 85517; 273792	MVRLFRNPIKCIFYRRSRKIQEKKLRKSLKKLNFYHPPEDCCQIYRLLENVPGGTYFITENMTNDLIMVVKDSVDKKIKSIKLYLHGSYIKIHQHYYINIYMYLMRYTQIYKYPLICFNKYYNI	124	15327	C1EC5CC5B6D3E2BB	2009-05-05+01:00	561444	Viruses > dsDNA viruses, no RNA stage > Asfarviridae > Asfivirus	Protein MGF 100-1R		AY261366; NOT_ANNOTATED_CDS; Genomic_DNA				type: chain; id: PRO_0000373169; description: Protein MGF 100-1R; ; ; 1 - 124			War-018	Plays a role in virus cell tropism, and may be required for efficient virus replication in macrophages.	Belongs to the asfivirus MGF 100 family.																																																																																																																																																																																																					
P0C9K2	11014_ASFK5		Complete proteome; Signal		inferred from homology	6937; 9823; 41426; 85517; 273792	MKVLLGLLLGYSVLIHAYELPDLPRTQHPPKSELSYWCTYVPQCDFCWDCQDGICKNKITGSRFINSNHSIVNCRVFRDSKTQSCLYEISSKMPNHFNMECSHPRPYTGNEIFMKPWGGG	120	13822	4ECDA03DD16874D9	2009-05-05+01:00	561445	Viruses > dsDNA viruses, no RNA stage > Asfarviridae > Asfivirus	Protein MGF 110-14L		AY261360; NOT_ANNOTATED_CDS; Genomic_DNA				type: chain; id: PRO_0000373224; description: Protein MGF 110-14L; ; ; 18 - 120		type: signal peptide; status: potential; ; ; 1 - 17	Ken-022	Plays a role in virus cell tropism, and may be required for efficient virus replication in macrophages.	Belongs to the asfivirus MGF 110 family.	IPR004848; V110_vir	PF01639; v110; 1																																																																																																																																																																																																			
P0C9I3	1107L_ASFM2		Complete proteome; Glycoprotein; Signal		inferred from homology	6937; 9823; 41426; 85517; 273792	MLVIILGVIGLLASSNLVSSSTSTRVGGHLPLTFDPPENELGYWYTYVESCRFCWDCEDGVCTSRVWGNNSTSIVENDYVKYCEVSRWGDQCRYDVEEHIYYTMNCSDPKPWNPYKIAKEGVEKG	125	14238	956AFED9727E2A28	2009-05-05+01:00	10500	Viruses > dsDNA viruses, no RNA stage > Asfarviridae > Asfivirus	Protein MGF 110-7L		AY261361; NOT_ANNOTATED_CDS; Genomic_DNA				type: chain; id: PRO_0000373205; description: Protein MGF 110-7L; ; ; 21 - 125		type: signal peptide; status: potential; ; ; 1 - 20	Mal-013	Plays a role in virus cell tropism, and may be required for efficient virus replication in macrophages.	Belongs to the asfivirus MGF 110 family.	IPR004848; V110_vir	PF01639; v110; 1	type: glycosylation site; status: potential; description: N-linked (GlcNAc...), by host; ; ; 105																																																																																																																																																																																																		
Q196T6	124R_IIV3	16912294	Coiled coil; Complete proteome; Membrane; Reference proteome; Transmembrane; Transmembrane helix		predicted	7163; 7183; 42431; 310513; 329105; 332058	MESTDVNHSTAWAPGGMAHIISEAVIAGSIGLYFWKKISALEQTVQELQSQLEVQNNQLQWLIQQQTRRLAVSPLAVSPLAVSPLPPQRDYRQQSTTTNAAGNNGAYPSFQFKPPKTAIKGDAAPPQATPKMQCDNGVCKLVRPLQATHGKGARAPSPEKKTVSISKIAKQIEFEHDQIAPARTATTQVSTFSKPSPNPVLRSITPNPSIGEGRDGDESGPSARALDKILNDIDCE	236	25428	CDEB4CF424704DCA	2006-07-11+01:00	345201	Viruses > dsDNA viruses, no RNA stage > Iridoviridae > Chloriridovirus	Uncharacterized protein 124R	IIV3-124R	DQ643392; ABF82154.1; Genomic_DNA	YP_654696.1; NC_008187.1	4156335		type: chain; id: PRO_0000377821; description: Uncharacterized protein 124R; ; ; 1 - 236									GO:0016021; C:integral to membrane; IEA:UniProtKB-KW	type: transmembrane region; status: potential; description: Helical,; ; ; 15 - 34	type: coiled-coil region; status: potential; ; ; 36 - 71																																																																																																																																																																																															
P41932	14331_CAEEL	7926802; 9851916; 16777605	Complete proteome; Cytoplasm; Nucleus; Reference proteome		evidence at protein level		MSDTVEELVQRAKLAEQAERYDDMAAAMKKVTEQGQELSNEERNLLSVAYKNVVGARRSSWRVISSIEQKTEGSEKKQQLAKEYRVKVEQELNDICQDVLKLLDEFLIVKAGAAESKVFYLKMKGDYYRYLAEVASEDRAAVVEKSQKAYQEALDIAKDKMQPTHPIRLGLALNFSVFYYEILNTPEHACQLAKQAFDDAIAELDTLNEDSYKDSTLIMQLLRDNLTLWTSDVGAEDQEQEGNQEAGN	248	28191	ABBE0DA27D9341AF	2008-07-22+01:00	6239	Eukaryota > Metazoa > Ecdysozoa > Nematoda > Chromadorea > Rhabditida > Rhabditoidea > Rhabditidae > Peloderinae > Caenorhabditis	14-3-3-like protein 1	M117.2	Z73910; CAA98138.1; Genomic_DNA	NP_502235.1; NM_069834.5	178113		type: chain; id: PRO_0000058647; description: 14-3-3-like protein 1; ; ; 1 - 248					Belongs to the 14-3-3 family.	IPR023410; 14-3-3_domain	PF00244; 14-3-3; 1		GO:0010070; P:zygote asymmetric cell division; IMP:WormBase				par-5	ftt-1	T23759; T23759	P41932	P41932; 7-231	DIP-27044N	P41932	MINT-1117537	P41932	P41932	P41932	M117.2.3; M117.2.3; M117.2	cel:CELE_M117.2	M117.2.2	178113	M117.2; CE06200; WBGene00003920; par-5	COG5040	ENSGT00690000101832	HOG000240379	P41932	K06630	CNDVLXT	899768	P41932	1.20.190.20; 14-3-3; 1	PTHR18860; PTHR18860; 1	PIRSF000868; 14-3-3; 1	PR00305; 1433ZETA	SM00101; 14_3_3; 1	SSF48445; 14-3-3; 1	PS00797; 1433_2; 1	type: sequence conflict; description: (in Ref. 1, AAA61872); ref: 1; V; A; 118	Interacts with daf-16 and sir-2.1.	; ; ; 																																																																																																																																																												
P42645	14335_ARATH	7972511; 9276953; 11130714; 14593172; 19376835	Complete proteome; Phosphoprotein; Reference proteome		evidence at protein level		MSSDSSREENVYLAKLAEQAERYEEMVEFMEKVAKTVETEELTVEERNLLSVAYKNVIGARRASWRIISSIEQKEDSRGNSDHVSIIKDYRGKIETELSKICDGILNLLEAHLIPAASLAESKVFYLKMKGDYHRYLAEFKTGAERKEAAESTLVAYKSAQDIALADLAPTHPIRLGLALNFSVFYYEILNSSDRACSLAKQAFDEAISELDTLGEESYKDSTLIMQLLRDNLTLWTSDLNDEAGDDIKEAPKEVQKVDEQAQPPPSQ	268	30182	ECB35B7E53F688FF	1996-10-01+01:00	3702	Eukaryota > Viridiplantae > Streptophyta > Embryophyta > Tracheophyta > Spermatophyta > Magnoliophyta > eudicotyledons > core eudicotyledons > rosids > malvids > Brassicales > Brassicaceae > Camelineae > Arabidopsis	14-3-3-like protein GF14 upsilon	F1N13_190	AY059115; AAL15221.1; mRNA	NP_568325.1; NM_121610.3	831462	CLSN2688003	type: chain; id: PRO_0000058667; description: 14-3-3-like protein GF14 upsilon; ; ; 1 - 268			At5g16050	Is associated with a DNA binding complex that binds to the G box, a well-characterized cis-acting DNA regulatory element found in plant genes.	Belongs to the 14-3-3 family.	IPR023410; 14-3-3_domain	PF00244; 14-3-3; 1		GO:0046686; P:response to cadmium ion; IEP:TAIR				GRF5		T51388; T51388	P42645	P42645; 5-239		P42645	MINT-7147385	P42645	P42645	P42645		ath:AT5G16050				COG5040		HOG000240379	P42645		DIKEAPK		P42645	1.20.190.20; 14-3-3; 1	PTHR18860; PTHR18860; 1	PIRSF000868; 14-3-3; 1	PR00305; 1433ZETA	SM00101; 14_3_3; 1	SSF48445; 14-3-3; 1	PS00797; 1433_2; 1				IPI00530001	At.64750	AT5G16050.1; AT5G16050.1; AT5G16050	BA000015_GR; AT5G16050	At5g16050	P42645	AT5G16050; Arabidopsis thaliana	type: modified residue; description: Phosphoserine; evidence: 1; ; ; 267																																																																																																																																																				
P42654	1433B_VICFA				evidence at transcript level		MASTKDRENFVYIAKLAEQAERYEEMVDSMKNVANLDVELTIEERNLLSVGYKNVIGARRASWRILSSIEQKEESKGNDVNAKRIKEYRHKVETELSNICIDVMRVIDEHLIPSAAAGESTVFYYKMKGDYYRYLAEFKTGNEKKEAGDQSMKAYESATTAAEAELPPTHPIRLGLALNFSVFYYEILNSPERACHLAKQAFDEAISELDTLNEESYKDSTLIMQLLRDNLTLWTSDIPEDGEDSQKANGTAKFGGGDDAE	261	29524	2981BA7AE4C7E314	1995-11-01Z	3906	Eukaryota > Viridiplantae > Streptophyta > Embryophyta > Tracheophyta > Spermatophyta > Magnoliophyta > eudicotyledons > core eudicotyledons > rosids > fabids > Fabales > Fabaceae > Papilionoideae > Fabeae > Vicia	14-3-3-like protein B		Z48505; CAA88416.1; mRNA				type: chain; id: PRO_0000058714; description: 14-3-3-like protein B; ; ; 1 - 261					Belongs to the 14-3-3 family.	IPR023410; 14-3-3_domain	PF00244; 14-3-3; 1								S52900; S52900	P42654	P42654; 6-235						P42654														1.20.190.20; 14-3-3; 1	PTHR18860; PTHR18860; 1	PIRSF000868; 14-3-3; 1	PR00305; 1433ZETA	SM00101; 14_3_3; 1	SSF48445; 14-3-3; 1	PS00797; 1433_2; 1																																																																																																																																																															
Q3SZI4	1433T_BOVIN	16305752	Acetylation; Complete proteome; Cytoplasm; Phosphoprotein; Reference proteome		evidence at transcript level		MEKTELIQKAKLAEQAERYDDMATCMKAVTEQGAELSNEERNLLSVAYKNVVGGRRSAWRVISSIEQKTDTSDKKLQLIKDYREKVESELRSICTTVLELLDKYLIANATNPESKVFYLKMKGDYFRYLAEVACGDDRKQTIDNSQGAYQEAFDISKKEMQPTHPIRLGLALNFSVFYYEILNNPELACTLAKTAFDEAIAELDTLNEDSYKDSTLIMQLLRDNLTLWTSDSAGEECDAAEGAEN	245	27764	175534325E9E37C4	2005-10-11+01:00	9913	Eukaryota > Metazoa > Chordata > Craniata > Vertebrata > Euteleostomi > Mammalia > Eutheria > Laurasiatheria > Cetartiodactyla > Ruminantia > Pecora > Bovidae > Bovinae > Bos	14-3-3 protein theta		BC102840; AAI02841.1; mRNA	NP_001071595.1; NM_001078127.2	768311		type: chain; id: PRO_0000058635; description: 14-3-3 protein theta; ; ; 1 - 245				Adapter protein implicated in the regulation of a large spectrum of both general and specialized signaling pathways. Binds to a large number of partners, usually by recognition of a phosphoserine or phosphothreonine motif. Binding generally results in the modulation of the activity of the binding partner. Negatively regulates the kinase activity of PDPK1.	Belongs to the 14-3-3 family.	IPR023410; 14-3-3_domain	PF00244; 14-3-3; 1		GO:0007264; P:small GTPase mediated signal transduction; IEA:Compara				YWHAQ			Q3SZI4	Q3SZI4; 1-230				Q3SZI4		Q3SZI4		bta:768311		10971		COG5040	ENSGT00690000101991	HOG000240379	Q3SZI4	K16197	YREKVEC	20918571		1.20.190.20; 14-3-3; 1	PTHR18860; PTHR18860; 1	PIRSF000868; 14-3-3; 1	PR00305; 1433ZETA	SM00101; 14_3_3; 1	SSF48445; 14-3-3; 1	PS00797; 1433_2; 1		Homodimer (By similarity). Interacts with SSH1 and CDK16. Interacts with CDKN1B ('Thr-198' phosphorylated form); the interaction translocates CDKN1B to the cytoplasm (By similarity). Interacts with GAB2 (By similarity). Interacts with the 'Ser-241' phosphorylated form of PDPK1.		IPI00707320	Bt.44924						type: modified residue; status: probable; description: Phosphoserine, by CK1; ; ; 232	ENSBTAT00000032851; ENSBTAP00000032779; ENSBTAG00000002108	HBG050423	EOG480HXJ	type: site; status: by similarity; description: Interaction with phosphoserine on interacting protein; ; ; 127																																																																																																																																																
Q25538	1433_NEOCA	8992315			evidence at transcript level		MAEEIKNLRDEYVYKAKLAEQAERYDEMAEAMKNLVENCLDEQQPKDELSVEERNLLSVAYKNAVGARRASWRIISSVEQKELSKQHMQNKALAAEYRQKVEEELNKICHDILQLLTDKLIPKTSDSESKVFYYKMKGDYYRYISEFSGEEGKKQAADQAQESYQKATETAEGHSPATHPIRLGLALNYSVFFYEILNLPQQACEMAKRAFDDAITEFDNVSEDSYKDSTLIMQLLRDNLTLWTSDLQADQQQQEGGEKPAEQADQ	266	30650	6DA471FE7ECC7C04	1996-11-01Z	29176	Eukaryota > Alveolata > Apicomplexa > Coccidia > Eucoccidiorida > Eimeriorina > Sarcocystidae > Neospora	14-3-3 protein homolog		U31542; AAC47012.1; mRNA				type: chain; id: PRO_0000058660; description: 14-3-3 protein homolog; ; ; 1 - 266	type: compositionally biased region; description: Poly-Gln; ; ; 251 - 254				Belongs to the 14-3-3 family.	IPR023410; 14-3-3_domain	PF00244; 14-3-3; 1									Q25538	Q25538; 9-244						Q25538														1.20.190.20; 14-3-3; 1	PTHR18860; PTHR18860; 1	PIRSF000868; 14-3-3; 1	PR00305; 1433ZETA	SM00101; 14_3_3; 1	SSF48445; 14-3-3; 1	PS00797; 1433_2; 1																																																																																																																																																															
A5VV34	14KL_BRUO2		Cell membrane; Complete proteome; Lectin; Membrane; Signal; Transmembrane; Transmembrane helix; Virulence		inferred from homology		MNSFRKTCAGALALIFGATSIVPTVAAPMNMDRPAINQNVIQARAHYRPQNYNRGHRPGYWHGHRGYRHYRHGYRRHNDGWWYPLAAFGAGAIIGGAISQPRPVYRAPAGSPHVQWCYSRYKSYRASDNTFQPYNGPRKQCRSPYSR	147	16823	7CEE6F1FB2BB38DB	2007-07-10+01:00	444178	Bacteria > Proteobacteria > Alphaproteobacteria > Rhizobiales > Brucellaceae > Brucella	Lectin-like protein BA14k		CP000709; ABQ62335.1; Genomic_DNA	YP_001257689.1; NC_009504.1	5203218	CLSK898873	type: chain; id: PRO_0000361300; description: Lectin-like protein BA14k; ; ; 27 - 147		type: signal peptide; status: potential; ; ; 1 - 26	BOV_A0688	Has immunoglobulin-binding and hemagglutination properties, and can bind to mannose. Essential for virulence. May be involved in LPS biosynthesis or polysaccharide transport.	Belongs to the BA14k family.	IPR012413; BA14K	PF07886; BA14K; 1		GO:0009405; P:pathogenesis; IEA:UniProtKB-KW	type: transmembrane region; status: potential; description: Helical,; ; ; 80 - 100													A5VV34		bov:BOV_A0688				NOG08130		HOG000274446			YRPGYRP																CP000709_GR; BOV_A0688									17858701; VBIBruOvi136990_0790	BOVI444178:GH2V-2793-MONOMER																																																																																																																																														
P22882	17KD_RICTY	2768201; 15317790	Cell membrane; Cell outer membrane; Complete proteome; Lipoprotein; Membrane; Palmitate; Signal		inferred from homology		MKLLSKVMILALAASMLQACNGPGGMNKQGTGTLLGGAGGALLGSQFGHGKGQLVGVGVGALLGAVLGGQIGASMDEQDRKLLELTSQRALESAPSGSNIEWRNPDNGNHGYVTPNKTYRNSTGQYCREYTQTVVIGGKQQTTYGNACRQPDGQWQVAN	159	16539	A9893F26492727A9	2004-11-09Z	257363	Bacteria > Proteobacteria > Alphaproteobacteria > Rickettsiales > Rickettsiaceae > Rickettsieae > Rickettsia > typhus group	17 kDa surface antigen		AE017197; AAU04276.1; Genomic_DNA	YP_067758.1; NC_006142.1	2958967	CLSK871104	type: chain; id: PRO_0000018023; description: 17 kDa surface antigen; ; ; 20 - 159		type: signal peptide; status: by similarity; ; ; 1 - 19	RT0821		Belongs to the rickettsiale 17 kDa surface antigen family.	IPR016364; Surface_antigen_Rickettsia	PF05433; Rick_17kDa_Anti; 1		GO:0005886; C:plasma membrane; IEA:UniProtKB-KW				omp		C33971; C33971										rty:RT0821				COG4520		HOG000285721			DNGNHGY					PIRSF002721; Surface_antigen_Rickettsia; 1				PS51257; PROKAR_LIPOPROTEIN; 1	type: sequence conflict; description: (in Ref. 1, AAA26377); ref: 1; A; V; 158						AE017197_GR; RT0821									17910892; VBIRicTyp34752_0838	RTYP257363:GJEQ-861-MONOMER	type: lipid moiety-binding region; status: probable; description: S-diacylglycerol cysteine; ; ; 20																																																																																																																																													
A2XLL2	1A11_ORYSI	1438312; 8389618; 15685292	Ethylene biosynthesis; Fruit ripening; Lyase; Pyridoxal phosphate; S-adenosyl-L-methionine		evidence at transcript level		MVSQVVAEEKPQLLSKKAGCNSHGQDSSYFLGWQEYEKNPFDPVSNPSGIIQMGLAENQLSFDLLEEWLEKNPHALGLRREGGGASVFRELALFQDYHGLPAFKNALARFMSEQRGYKVVFDPSNIVLTAGATSANEALMFCLADHGDAFLIPTPYYPGFDRDLKWRTGAEIVPVHCASANGFRVTRPALDDAYRRAQKRRLRVKGVLITNPSNPLGTASPRADLETIVDFVAAKGIHLISDEIYAGTAFAEPPAGFVSALEVVAGRDGGGADVSDRVHVVYSLSKDLGLPGFRVGAIYSANAAVVSAATKMSSFGLVSSQTQYLLAALLGDRDFTRSYVAENKRRIKERHDQLVDGLREIGIGCLPSNAGLFCWVDMSHLMRSRSFAGEMELWKKVVFEVGLNISPGSSCHCREPGWFRVCFANMSAKTLDVAMQRLRSFVDSATGGGDNAALRRAAVPVRSVSCPLAIKWALRLTPSIADRKAER	487	53139	561D262125D7759E	2007-06-12+01:00	39946	Eukaryota > Viridiplantae > Streptophyta > Embryophyta > Tracheophyta > Spermatophyta > Magnoliophyta > Liliopsida > Poales > Poaceae > BEP clade > Ehrhartoideae > Oryzeae > Oryza	1-aminocyclopropane-1-carboxylate synthase 1	OsI_012955	CM000128; EAY91722.1; Genomic_DNA				type: chain; id: PRO_0000291463; description: 1-aminocyclopropane-1-carboxylate synthase 1; ; ; 1 - 487				Catalyzes the formation of 1-aminocyclopropane-1-carboxylate, a direct precursor of ethylene in higher plants.	Belongs to the class-I pyridoxal-phosphate-dependent aminotransferase family.	IPR015422; PyrdxlP-dep_Trfase_major_sub2	PF00155; Aminotran_1_2; 1		GO:0009735; P:response to cytokinin stimulus; IEA:EnsemblPlants/Gramene				ACC1		B46376; B46376	A2XLL2	A2XLL2; 13-442						A2XLL2						COG0436		HOG000011234						3.90.1150.10; PyrdxlP-dep_Trfase_major_sub2; 2					SSF53383; PyrdxlP-dep_Trfase_major; 1	PS00105; AA_TRANSFER_CLASS_1; 1	type: sequence conflict; description: (in Ref. 1, AAA33887); ref: 1; D; G; 273	Homodimer.			Os.53146						type: modified residue; status: by similarity; description: N6-(pyridoxal phosphate)lysine; ; ; 286								4.4.1.14	Q07215	UPA00384; UER00562	S-adenosyl-L-methionine = 1-aminocyclopropane-1-carboxylate + methylthioadenosine.	Pyridoxal phosphate.	Alkene biosynthesis; ethylene biosynthesis via S-adenosyl-L-methionine; ethylene from S-adenosyl-L-methionine: step 1/2.	By anaerobiosis and indoleacetic acid (IAA) + benzyladenine (BA) + LiCl treatment.																																																																																																																																						
A0AXI7	1A1D_BURCH		Complete proteome; Hydrolase; Pyridoxal phosphate		inferred from homology		MNLQRFPRYPLTFGPTPIQPLKRLSAHLGGKVDLYAKREDCNSGLAFGGNKTRKLEYLVPDALAQGADTLVSIGGVQSNQTRQVAAVAAHLGMKCVLVQEHWVNYEDPVYDRVGNIQLSRMMGADVRLVSDGFDIGIRRSWEEAMESVRQAGGKPYPIPAGCSEHPLGGLGFVGFAEEVRAQEAQLGFKFDYVVVCSVTGSTQAGMVVGFAADGRADRVIGIDASAKPEQTREQITRIARHTAELVELGRDIVEQDVVLDTRYGGPEYGLPSDGTLEAIRLCARLEGMLTDPVYEGKSMHGMIDKVRLGEFEPGSKVLYAHLGGAPALSAYNGIFRNG	338	36627	92D48388C116C83C	2006-11-28Z	331272	Bacteria > Proteobacteria > Betaproteobacteria > Burkholderiales > Burkholderiaceae > Burkholderia > Burkholderia cepacia complex	1-aminocyclopropane-1-carboxylate deaminase		CP000459; ABK10113.1; Genomic_DNA	YP_837006.1; NC_008543.1	4452448	PRK12390	type: chain; id: PRO_0000304371; description: 1-aminocyclopropane-1-carboxylate deaminase; evidence: 1; ; ; 1 - 338			Bcen2424_3374	Catalyzes a cyclopropane ring-opening reaction, the irreversible conversion of 1-aminocyclopropane-1-carboxylate (ACC) to ammonia and alpha-ketobutyrate. Allows growth on ACC as a nitrogen source.	Belongs to the ACC deaminase/D-cysteine desulfhydrase family.	IPR001926; Trp_syn_b_sub_like_PLP_eny_SF	PF00291; PALP; 1		GO:0009310; P:amine catabolic process; IEA:InterPro				acdS			A0AXI7	A0AXI7; 1-338				A0AXI7				bch:Bcen2424_3374				COG2515		HOG000022460		K01505	YEGKSMQ								SSF53686; PyrdxlP-dep_enz_bsu; 1			Homotrimer.					CP000459_GR; Bcen2424_3374				type: modified residue; status: by similarity; description: N6-(pyridoxal phosphate)lysine; ; ; 51					19064219; VBIBurCen15205_3440	BCEN331272:GHR7-1287-MONOMER		3.5.99.7			1-aminocyclopropane-1-carboxylate + H(2)O = 2-oxobutanoate + NH(3).	Pyridoxal phosphate.			MF_00807; ACC_deaminase; 1	TIGR01274; ACC_deam; 1	type: active site; status: by similarity; description: Nucleophile; ; ; 78																																																																																																																																			
Q00740	1A1D_PSEUD	1885510	3D-structure; Direct protein sequencing; Hydrolase; Pyridoxal phosphate		evidence at protein level		MNLQRFPRYPLTFGPTPIQPLARLSKHLGGKVHLYAKREDCNSGLAFGGNKTRKLEYLIPEALAQGCDTLVSIGGIQSNQTRQVAAVAAHLGMKCVLVQENWVNYSDAVYDRVGNIQMSRILGADVRLVPDGFDIGFRRSWEDALESVRAAGGKPYAIPAGCSDHPLGGLGFVGFAEEVRAQEAELGFKFDYVVVCSVTGSTQAGMVVGFAADGRADRVIGVDASAKPAQTREQITRIARQTAEKVGLERDIMRADVVLDERFAGPEYGLPNEGTLEAIRLCARTEGMLTDPVYEGKSMHGMIEMVRNGEFPEGSRVLYAHLGGVPALNGYSFIFRDG	338	36672	01FC286177012FDF	1993-04-01+01:00	74568	Bacteria > Proteobacteria	1-aminocyclopropane-1-carboxylate deaminase		M73488; AAA25689.1; Genomic_DNA				type: chain; id: PRO_0000184505; description: 1-aminocyclopropane-1-carboxylate deaminase; evidence: 2; ; ; 1 - 338				Catalyzes a cyclopropane ring-opening reaction, the irreversible conversion of 1-aminocyclopropane-1-carboxylate (ACC) to ammonia and alpha-ketobutyrate. Allows growth on ACC as a nitrogen source.	Belongs to the ACC deaminase/D-cysteine desulfhydrase family.	IPR001926; Trp_syn_b_sub_like_PLP_eny_SF	PF00291; PALP; 1		GO:0009310; P:amine catabolic process; IEA:InterPro				acdS			Q00740	Q00740; 1-338																									SSF53686; PyrdxlP-dep_enz_bsu; 1			Homotrimer.									type: modified residue; description: N6-(pyridoxal phosphate)lysine; evidence: 2; ; ; 51								3.5.99.7			1-aminocyclopropane-1-carboxylate + H(2)O = 2-oxobutanoate + NH(3).	Pyridoxal phosphate.			MF_00807; ACC_deaminase; 1	TIGR01274; ACC_deam; 1	type: active site; status: by similarity; description: Nucleophile; ; ; 78	1TZM; X-ray; 2.08 A; A/B/C/D=1-338	1TZM	Q00740	type: helix; ; ; 333 - 335	type: strand; ; ; 316 - 321	type: turn; ; ; 292 - 294																																																																																																																													
P30456	1A43_HUMAN	1431115; 8475492; 10519370	Complete proteome; Disulfide bond; Glycoprotein; Host-virus interaction; Immunity; MHC I; Membrane; Polymorphism; Reference proteome; Signal; Transmembrane; Transmembrane helix; Ubl conjugation		evidence at transcript level		MAVMAPRTLVLLLSGALALTQTWAGSHSMRYFYTSVSRPGRGEPRFIAVGYVDDTQFVRFDSDAASQRMEPRAPWIEQEGPEYWDLQTRNVKAHSQTDRANLGTLRGYYNQSEDGSHTIQRMYGCDVGPDGRFLRGYQQDAYDGKDYIALNEDLRSWTAADMAAQITQRKWETAHEAEQWRAYLEGRCVEWLRRYLENGKETLQRTDAPKTHMTHHAVSDHEATLRCWALSFYPAEITLTWQRDGEDQTQDTELVETRPAGDGTFQKWASVVVPSGQEQRYTCHVQHEGLPKPLTLRWEPSSQPTIPIVGIIAGLVLFGAVIAGAVVAAVMWRRKSSDRKGGSYSQAASSDSAQGSDMSLTACKV	365	41033	213FC69745FB4B0B	1993-04-01+01:00	9606	Eukaryota > Metazoa > Chordata > Craniata > Vertebrata > Euteleostomi > Mammalia > Eutheria > Euarchontoglires > Primates > Haplorrhini > Catarrhini > Hominidae > Homo	HLA class I histocompatibility antigen, A-43 alpha chain		AH005526; AAB65408.1; Genomic_DNA				type: chain; id: PRO_0000018828; description: HLA class I histocompatibility antigen, A-43 alpha chain; ; ; 25 - 365		type: signal peptide; ; ; 1 - 24		Involved in the presentation of foreign antigens to the immune system.	Belongs to the MHC class I family.; Contains 1 Ig-like C1-type (immunoglobulin-like) domain.	IPR010579; MHC_I_a_C	PF06623; MHC_I_C; 1	type: glycosylation site; status: by similarity; description: N-linked (GlcNAc...); ; ; 110	GO:0019048; P:virus-host interaction; IEA:UniProtKB-KW	type: transmembrane region; status: potential; description: Helical,; ; ; 309 - 332			HLA-A	HLAA	S16769; S16769	P30456	P30456; 25-299				P30456		P30456														3.30.500.10; MHC_I-like_Ag-recog; 1			PR01638; MHCCLASSI	SM00407; IGc1; 1	SSF54452; MHC_I/II-like_Ag-recog; 1	PS00290; IG_MHC; 1		Heterodimer of an alpha chain and a beta chain (beta-2-microglobulin). Interacts with human herpesvirus 8 MIR1 protein.		IPI00785070	Hs.713441				P30456	ENSG00000204632; Homo sapiens		ENST00000383605; ENSP00000373100; ENSG00000206505	HBG016709																						231371	GC06Pn29898	HGNC:4931; HLA-A	142800; gene	NX_P30456	HS_HLA-A	type: topological domain; status: potential; description: Cytoplasmic; ; ; 333 - 365	type: domain; description: Ig-like C1-type; ; ; 209 - 295	type: region of interest; description: Connecting peptide; ; ; 299 - 308	type: disulfide bond; status: by similarity; ; ; 227 - 283	type: sequence variant; id: VAR_056299; description: (in dbSNP:rs1059516); I; T; 166	Polyubiquitinated in a post ER compartment by interaction with human herpesvirus 8 MIR1 protein. This targets the protein for rapid degradation via the ubiquitin system.	The only allele of A-43 known is A*43:01 which is shown here.																																																																																																																
P01889	1B07_HUMAN	518865; 2320591; 2700944; 2993161; 7652739; 7878658; 8106270; 8537119; 8773323; 11390610; 11556973; 12622774; 14574404; 14702039; 19159218; 21269460	Complete proteome; Direct protein sequencing; Disulfide bond; Glycoprotein; Host-virus interaction; Immunity; MHC I; Membrane; Polymorphism; Reference proteome; Signal; Transmembrane; Transmembrane helix; Ubl conjugation		evidence at protein level		MLVMAPRTVLLLLSAALALTETWAGSHSMRYFYTSVSRPGRGEPRFISVGYVDDTQFVRFDSDAASPREEPRAPWIEQEGPEYWDRNTQIYKAQAQTDRESLRNLRGYYNQSEAGSHTLQSMYGCDVGPDGRLLRGHDQYAYDGKDYIALNEDLRSWTAADTAAQITQRKWEAAREAEQRRAYLEGECVEWLRRYLENGKDKLERADPPKTHVTHHPISDHEATLRCWALGFYPAEITLTWQRDGEDQTQDTELVETRPAGDRTFQKWAAVVVPSGEEQRYTCHVQHEGLPKPLTLRWEPSSQSTVPIVGIVAGLAVLAVVVIGAVVAAVMCRRKSSGGKGGSYSQAACSDSAQGSDVSLTA	362	40460	5E5A7BDE031403D6	1991-02-01Z	9606	Eukaryota > Metazoa > Chordata > Craniata > Vertebrata > Euteleostomi > Mammalia > Eutheria > Euarchontoglires > Primates > Haplorrhini > Catarrhini > Hominidae > Homo	HLA class I histocompatibility antigen, B-7 alpha chain		AJ401222; CAC10402.1; Genomic_DNA	NP_005505.2; NM_005514.6	3106		type: chain; id: PRO_0000018833; description: HLA class I histocompatibility antigen, B-7 alpha chain; ; ; 25 - 362		type: signal peptide; evidence: 2; ; ; 1 - 24		Involved in the presentation of foreign antigens to the immune system.	Belongs to the MHC class I family.; Contains 1 Ig-like C1-type (immunoglobulin-like) domain.	IPR010579; MHC_I_a_C	PF06623; MHC_I_C; 1	type: glycosylation site; description: N-linked (GlcNAc...); evidence: 3; ; ; 110	GO:0019048; P:virus-host interaction; IEA:UniProtKB-KW	type: transmembrane region; status: potential; description: Helical,; ; ; 310 - 333			HLA-B	HLAB	S60601; S60601	P01889	P01889; 25-300		P01889		P01889	P01889	P01889		hsa:3106	uc003ntg.1	3106		NOG42056				K06751	WEAARWA	12323		3.30.500.10; MHC_I-like_Ag-recog; 1			PR01638; MHCCLASSI	SM00407; IGc1; 1	SSF54452; MHC_I/II-like_Ag-recog; 1	PS00290; IG_MHC; 1	type: sequence conflict; description: (in Ref. 3, AAA59622); ref: 3; GL; RP; 314 - 315	Heterodimer of an alpha chain and a beta chain (beta-2-microglobulin). Interacts with human herpesvirus 8 MIR1 protein (By similarity). Interacts with HTLV-1 accessory protein p12I.		IPI00004657	Hs.77961				P01889	ENSG00000204523; Homo sapiens		ENST00000412585; ENSP00000399168; ENSG00000234745	HBG016709	EOG4F4SBG																					122162	GC06M031321	HGNC:4932; HLA-B	142830; gene	NX_P01889	HS_HLA-B	type: topological domain; status: potential; description: Cytoplasmic; ; ; 334 - 362	type: domain; description: Ig-like C1-type; ; ; 209 - 295	type: region of interest; description: Connecting peptide; ; ; 299 - 309	type: disulfide bond; ; ; 227 - 283	type: sequence variant; id: VAR_061391; description: (in dbSNP:rs2308655); C; Y; 349	Polyubiquitinated in a post ER compartment by interaction with human herpesvirus 8 MIR1 protein. This targets the protein for rapid degradation via the ubiquitin system.	The following alleles of B-7 are known: B*07:02 (B7.2), B*07:03 (BPOT), B*07:04, B*07:05, B*07:06 (B7_L79), B*07:18 and B*07:24. The sequence shown is B*07:02.	CAB015418	PA35056	REACT_6900; Immune System	3106	P01889																																																																																																											
